wgs_id,cip
SRR11698258,FALSE
SRR16644552,FALSE
SRR11698444,FALSE
SRR11699051,FALSE
SRR11699151,FALSE
SRR11724759,FALSE
SRR11724197,FALSE
SRR16999697,FALSE
SRR16644300,FALSE
SRR16999589,FALSE
SRR16643984,FALSE
SRR16644635,FALSE
SRR16999453,FALSE
SRR16999396,FALSE
SRR16644698,FALSE
SRR11724846,FALSE
SRR16644330,FALSE
SRR16643918,FALSE
SRR16644721,FALSE
SRR16999433,FALSE
SRR16999512,FALSE
SRR16999449,FALSE
SRR16643959,FALSE
SRR16644144,FALSE
SRR16999362,FALSE
SRR16999650,FALSE
SRR16644361,FALSE
SRR16999321,FALSE
SRR16999472,FALSE
SRR11698335,FALSE
SRR16644195,FALSE
SRR16644276,FALSE
SRR16999417,FALSE
SRR16999732,FALSE
SRR16999308,FALSE
SRR11698467,FALSE
SRR11698877,FALSE
SRR11699111,FALSE
SRR11698737,FALSE
SRR11724905,FALSE
SRR16999632,FALSE
SRR16644349,FALSE
SRR16644385,FALSE
SRR11728101,FALSE
SRR16644227,FALSE
SRR16644582,FALSE
SRR16999525,FALSE
SRR16644586,FALSE
SRR11724948,FALSE
SRR11698334,FALSE
SRR16999725,FALSE
SRR11698659,FALSE
SRR11698660,FALSE
SRR11699108,FALSE
SRR12612888,FALSE
SRR16644155,FALSE
SRR16644596,FALSE
SRR16644307,FALSE
SRR11724730,FALSE
SRR16644191,FALSE
SRR11698319,FALSE
SRR16999673,FALSE
SRR12612796,FALSE
SRR11724198,FALSE
SRR12612551,FALSE
SRR16644009,FALSE
SRR16644427,FALSE
SRR16644342,FALSE
SRR16644439,FALSE
SRR16999457,FALSE
SRR16644489,FALSE
SRR11724497,FALSE
SRR16999439,FALSE
SRR16644064,FALSE
SRR16999485,FALSE
SRR16644001,FALSE
SRR16644700,FALSE
SRR11698758,FALSE
SRR11699089,FALSE
SRR16644224,FALSE
SRR16644110,FALSE
SRR16644157,FALSE
SRR11724390,FALSE
SRR11724506,FALSE
SRR11724512,FALSE
SRR12612884,FALSE
SRR16643901,FALSE
SRR16643912,FALSE
SRR16644013,FALSE
SRR16644169,FALSE
SRR16644278,FALSE
SRR16644536,FALSE
SRR16644592,FALSE
SRR11724391,FALSE
SRR16999588,FALSE
SRR16644231,FALSE
SRR16644332,FALSE
SRR16644565,FALSE
SRR16644487,FALSE
SRR11698448,FALSE
SRR16999700,FALSE
SRR16644324,FALSE
SRR11698283,FALSE
SRR11698360,FALSE
SRR11698355,FALSE
SRR12612338,FALSE
SRR16644088,FALSE
SRR16644500,FALSE
SRR11724566,FALSE
SRR11724972,FALSE
SRR11725064,FALSE
SRR11725146,FALSE
SRR16644125,FALSE
SRR11699035,FALSE
SRR12611787,FALSE
SRR16644109,FALSE
SRR16644251,FALSE
SRR16644282,FALSE
SRR16999442,FALSE
SRR16644329,FALSE
SRR16644649,FALSE
SRR16644470,FALSE
SRR16999394,FALSE
SRR16999398,FALSE
SRR16999469,FALSE
SRR16644061,FALSE
SRR16999569,FALSE
SRR16999612,FALSE
SRR11698280,FALSE
SRR11698530,FALSE
SRR16644416,FALSE
SRR16644598,FALSE
SRR16643971,FALSE
SRR11699110,FALSE
SRR12611594,FALSE
SRR16644661,FALSE
SRR16999621,FALSE
SRR16644589,FALSE
SRR16999413,FALSE
SRR11698465,FALSE
SRR16644502,FALSE
SRR16999411,FALSE
SRR16644279,FALSE
SRR11698694,FALSE
SRR11698908,FALSE
SRR11699050,FALSE
SRR16644388,FALSE
SRR11699175,FALSE
SRR12611601,FALSE
SRR12612859,FALSE
SRR16999628,FALSE
SRR12612390,FALSE
SRR11724791,FALSE
SRR11728093,FALSE
SRR16644545,FALSE
SRR16999332,FALSE
SRR16999595,FALSE
SRR16644051,FALSE
SRR16644509,FALSE
SRR16999505,FALSE
SRR16644130,FALSE
SRR16644348,FALSE
SRR12612848,FALSE
SRR16644363,FALSE
SRR16644507,FALSE
SRR11698882,FALSE
SRR16644579,FALSE
SRR11724259,FALSE
SRR16644188,FALSE
SRR16644415,FALSE
SRR16999653,FALSE
SRR16644120,FALSE
SRR16644147,FALSE
SRR16644685,FALSE
SRR16999477,FALSE
SRR16644198,FALSE
SRR16643929,FALSE
SRR16644222,FALSE
SRR16644074,FALSE
SRR16999530,FALSE
SRR16999404,FALSE
SRR11724196,FALSE
SRR16644237,FALSE
SRR16999568,FALSE
SRR16999501,FALSE
SRR16999699,FALSE
SRR12611631,FALSE
SRR12612549,FALSE
SRR16644425,FALSE
SRR16644654,FALSE
SRR16644671,FALSE
SRR16644002,FALSE
SRR16644180,FALSE
SRR16644488,FALSE
SRR16644633,FALSE
SRR16999722,FALSE
SRR16644062,FALSE
SRR16644244,FALSE
SRR16644406,FALSE
SRR11724675,FALSE
SRR16644594,FALSE
SRR16999617,FALSE
SRR11698575,FALSE
SRR11698661,FALSE
SRR16643987,FALSE
SRR16644601,FALSE
SRR16999471,FALSE
SRR16999518,FALSE
SRR16643900,FALSE
SRR16644031,FALSE
SRR16644477,FALSE
SRR16644533,FALSE
SRR16644264,FALSE
SRR16644343,FALSE
SRR16999557,FALSE
SRR16999717,FALSE
SRR16643898,FALSE
SRR16644133,FALSE
SRR16644383,FALSE
SRR16999657,FALSE
SRR16644705,FALSE
SRR16644513,FALSE
SRR16644650,FALSE
SRR16644177,FALSE
SRR16644060,FALSE
SRR16999313,FALSE
SRR17188740,FALSE
SRR11698603,FALSE
SRR16643896,FALSE
SRR16999698,FALSE
SRR16644135,FALSE
SRR11698844,FALSE
SRR16644148,FALSE
SRR16644150,FALSE
SRR16644674,FALSE
SRR16999624,FALSE
SRR16644081,FALSE
SRR16644158,FALSE
SRR16644257,FALSE
SRR16644262,FALSE
SRR16644673,FALSE
SRR16644293,FALSE
SRR16644560,FALSE
SRR11698644,FALSE
SRR16644182,FALSE
SRR16644628,FALSE
SRR16999737,FALSE
SRR16644077,FALSE
SRR16999702,FALSE
SRR16644568,FALSE
SRR16644319,FALSE
SRR16644548,FALSE
SRR16644639,FALSE
SRR16644570,FALSE
SRR16999502,FALSE
SRR11698402,FALSE
SRR11724443,FALSE
SRR16999762,FALSE
SRR11698740,FALSE
SRR16644631,FALSE
SRR16644136,FALSE
SRR11725142,FALSE
SRR11699109,FALSE
SRR16644093,FALSE
SRR16644616,FALSE
SRR16999573,FALSE
SRR16999474,FALSE
SRR16999309,FALSE
SRR16644426,FALSE
SRR16644003,FALSE
SRR16999644,FALSE
SRR16999706,FALSE
SRR16644041,FALSE
SRR16999533,FALSE
SRR16999566,FALSE
SRR16999450,FALSE
SRR16644284,FALSE
SRR11699024,FALSE
SRR16999625,FALSE
SRR16643909,FALSE
SRR16644630,FALSE
SRR16999531,FALSE
SRR16999759,FALSE
SRR12611648,FALSE
SRR16644529,FALSE
SRR16999571,FALSE
SRR16644351,FALSE
SRR16644304,FALSE
SRR16999619,FALSE
SRR11724913,FALSE
SRR16644018,FALSE
SRR16644409,FALSE
SRR16644484,FALSE
SRR16644059,FALSE
SRR16644626,FALSE
SRR16644101,FALSE
SRR16999620,FALSE
SRR16644686,FALSE
SRR16644352,FALSE
SRR16999372,FALSE
SRR16999415,FALSE
SRR16999613,FALSE
SRR11724280,FALSE
SRR11725022,FALSE
SRR12611788,FALSE
SRR16644179,FALSE
SRR16644583,FALSE
SRR16644301,FALSE
SRR11724334,FALSE
SRR12612722,FALSE
SRR16644498,FALSE
SRR16999443,FALSE
SRR16644675,FALSE
SRR11724593,FALSE
SRR16644242,FALSE
SRR16999436,FALSE
SRR16644457,FALSE
SRR11725164,FALSE
SRR12611658,TRUE
SRR16644160,TRUE
SRR16644225,FALSE
SRR16999733,TRUE
SRR16644218,TRUE
SRR16644593,TRUE
SRR16644435,TRUE
SRR11698466,TRUE
SRR12612356,TRUE
SRR16999666,TRUE
SRR16644073,TRUE
SRR17188736,FALSE
SRR16643911,TRUE
SRR16643981,TRUE
SRR16999493,TRUE
SRR16644417,TRUE
SRR16644543,TRUE
SRR16644604,TRUE
SRR16644667,FALSE
SRR16644080,FALSE
SRR16644328,TRUE
SRR16644154,TRUE
SRR16644174,TRUE
SRR16644239,TRUE
SRR11724273,FALSE
SRR16643969,TRUE
SRR16644108,TRUE
SRR11724448,TRUE
SRR16644290,FALSE
SRR11725080,FALSE
SRR16999610,TRUE
SRR16644539,TRUE
SRR16999607,FALSE
SRR16999608,FALSE
SRR12612562,TRUE
SRR16999409,TRUE
SRR16999421,TRUE
SRR16643905,TRUE
SRR16643968,TRUE
SRR12612408,TRUE
SRR12612458,FALSE
SRR16999367,TRUE
SRR11724996,FALSE
SRR12612881,FALSE
SRR16999747,FALSE
SRR16999542,TRUE
SRR16644153,TRUE
SRR16644459,TRUE
SRR16644656,TRUE
SRR16644670,TRUE
SRR16644465,TRUE
SRR16999675,TRUE
SRR11724313,TRUE
SRR12612457,TRUE
SRR11724659,FALSE
SRR16644048,FALSE
SRR16999545,FALSE
SRR16644376,FALSE
SRR16644358,FALSE
SRR16999539,FALSE
SRR16999360,FALSE
SRR16644510,FALSE
SRR12612339,TRUE
SRR16999456,FALSE
SRR16644558,FALSE
SRR17188730,TRUE
SRR11698358,FALSE
SRR12612658,FALSE
SRR16643915,FALSE
SRR16644546,FALSE
SRR16999479,FALSE
SRR11699036,FALSE
SRR11699049,FALSE
SRR11699053,FALSE
SRR16643995,FALSE
SRR16644271,FALSE
SRR16999496,FALSE
SRR16644138,FALSE
SRR16999379,FALSE
SRR12612410,FALSE
SRR16643965,FALSE
SRR16643975,FALSE
SRR16643986,FALSE
SRR16644055,FALSE
SRR16644269,FALSE
SRR16644458,FALSE
SRR11698881,FALSE
SRR16644389,FALSE
SRR16643917,FALSE
SRR16999524,FALSE
SRR16999581,FALSE
SRR16644331,FALSE
SRR16644107,FALSE
SRR16644372,FALSE
SRR16644118,FALSE
SRR16644623,FALSE
SRR16999468,FALSE
SRR16999336,FALSE
SRR11724258,FALSE
SRR11724316,FALSE
SRR16999382,FALSE
SRR11698255,FALSE
SRR11698783,FALSE
SRR16999350,FALSE
SRR16644033,FALSE
SRR16644449,FALSE
SRR16644651,FALSE
SRR16999623,FALSE
SRR16644075,FALSE
SRR16644014,FALSE
SRR11724295,FALSE
SRR16644534,FALSE
SRR16644603,FALSE
SRR16643934,FALSE
SRR16999317,FALSE
SRR11724645,FALSE
SRR12612688,FALSE
SRR16644553,FALSE
SRR16644621,FALSE
SRR11724317,FALSE
SRR11724822,FALSE
SRR11724823,FALSE
SRR16644206,FALSE
SRR16999671,FALSE
SRR16643977,FALSE
SRR16644467,FALSE
SRR16644636,FALSE
SRR16643928,FALSE
SRR16644359,FALSE
SRR11724705,FALSE
SRR16644691,FALSE
SRR16999548,FALSE
SRR16644434,FALSE
SRR16644573,FALSE
SRR16999374,FALSE
SRR16999731,FALSE
SRR16999679,FALSE
SRR11698693,FALSE
SRR11724800,FALSE
SRR16999630,FALSE
SRR16643895,FALSE
SRR16644713,FALSE
SRR16644288,FALSE
SRR16999693,FALSE
SRR16643992,FALSE
SRR16999521,FALSE
SRR16999708,FALSE
SRR16644303,FALSE
SRR16644306,FALSE
SRR16644663,FALSE
SRR16999377,FALSE
SRR16644176,FALSE
SRR16644250,FALSE
SRR16999384,FALSE
SRR16644540,FALSE
SRR11698952,FALSE
SRR11724912,FALSE
SRR12612717,FALSE
SRR16644638,FALSE
SRR11724446,FALSE
SRR16999473,FALSE
SRR11725050,FALSE
SRR16999563,FALSE
SRR16999459,FALSE
SRR16999685,FALSE
SRR16999519,FALSE
SRR16643933,FALSE
SRR16644368,FALSE
SRR11725048,FALSE
SRR11725144,FALSE
SRR16644123,FALSE
SRR16999311,FALSE
SRR16644011,FALSE
SRR16644496,FALSE
SRR16999546,FALSE
SRR16999622,FALSE
SRR11724795,FALSE
SRR12612645,FALSE
SRR12612794,FALSE
SRR16644034,FALSE
SRR16999434,FALSE
SRR16644717,FALSE
SRR16644719,FALSE
SRR16644716,FALSE
SRR16644345,FALSE
SRR16999508,FALSE
SRR16644159,FALSE
SRR11698276,TRUE
SRR16644475,TRUE
SRR11698720,FALSE
SRR11699058,TRUE
SRR16644265,TRUE
SRR16999686,TRUE
SRR16999695,FALSE
SRR16644471,TRUE
SRR11724702,TRUE
SRR16644373,TRUE
SRR16999355,TRUE
SRR16644019,TRUE
SRR16644200,TRUE
SRR11725000,TRUE
SRR16644532,TRUE
SRR16999652,TRUE
SRR16999334,TRUE
SRR16999312,TRUE
SRR16643925,TRUE
SRR16999550,TRUE
SRR16999431,FALSE
SRR11699178,FALSE
SRR16999410,FALSE
SRR16999572,FALSE
SRR16644090,TRUE
SRR16999316,TRUE
SRR11728114,TRUE
SRR16999528,TRUE
SRR16643978,TRUE
SRR11698878,TRUE
SRR12611651,TRUE
SRR16999395,TRUE
SRR16643942,TRUE
SRR16644556,TRUE
SRR16644209,FALSE
SRR16644243,FALSE
SRR16644308,FALSE
SRR16644310,FALSE
SRR16999713,FALSE
SRR16999760,FALSE
SRR16644640,TRUE
SRR11698580,FALSE
SRR16999586,FALSE
SRR11698336,FALSE
SRR12612638,FALSE
SRR11724652,FALSE
SRR16999529,FALSE
SRR12612650,FALSE
SRR16999559,FALSE
SRR16644097,FALSE
SRR16644327,FALSE
SRR16644214,FALSE
SRR16644217,FALSE
SRR16999320,FALSE
SRR16644606,FALSE
SRR16644607,FALSE
SRR16999645,FALSE
SRR16999551,FALSE
SRR16999661,FALSE
SRR16999689,FALSE
SRR16999635,FALSE
SRR16644035,FALSE
SRR16644114,FALSE
SRR16644399,FALSE
SRR16644384,FALSE
SRR16643930,FALSE
SRR11698257,TRUE
SRR11698198,FALSE
SRR16644178,FALSE
SRR16644277,FALSE
SRR16644632,FALSE
SRR17188738,FALSE
SRR11698990,FALSE
SRR12611675,FALSE
SRR11724680,FALSE
SRR16644023,FALSE
SRR16999740,FALSE
SRR12612740,FALSE
SRR16999483,FALSE
SRR16644132,FALSE
SRR16999399,FALSE
SRR16644333,FALSE
SRR16643952,FALSE
SRR16644401,FALSE
SRR16644029,FALSE
SRR16644442,FALSE
SRR16999475,FALSE
SRR16644032,FALSE
SRR16644708,FALSE
SRR16644711,FALSE
SRR16999424,FALSE
SRR16644346,FALSE
SRR16644687,FALSE
SRR16644273,FALSE
SRR16643972,FALSE
SRR16644260,FALSE
SRR16644448,FALSE
SRR11724363,TRUE
SRR16643906,TRUE
SRR16644481,TRUE
SRR11724879,TRUE
SRR16999331,TRUE
SRR16644280,TRUE
SRR11724731,TRUE
SRR11698953,FALSE
SRR11724687,FALSE
SRR16999324,FALSE
SRR11698753,FALSE
SRR16643966,FALSE
SRR17188737,FALSE
SRR16644455,FALSE
SRR11724449,FALSE
SRR11724940,FALSE
SRR12612804,FALSE
SRR16999460,FALSE
SRR16644083,FALSE
SRR16644659,FALSE
SRR16644199,FALSE
SRR16644202,FALSE
SRR16999344,FALSE
SRR16644204,FALSE
SRR16999462,FALSE
SRR16999647,FALSE
SRR11724489,FALSE
SRR11724770,FALSE
SRR12612799,FALSE
SRR16999544,FALSE
SRR12612801,FALSE
SRR16644185,FALSE
SRR16644526,FALSE
SRR16999633,FALSE
SRR16644226,FALSE
SRR16644096,FALSE
SRR16644644,FALSE
SRR16644314,FALSE
SRR16999651,FALSE
SRR16643924,FALSE
SRR16644210,FALSE
SRR11728121,FALSE
SRR12612523,FALSE
SRR16644715,FALSE
SRR16999464,FALSE
SRR16999564,FALSE
SRR16999723,FALSE
SRR16999663,FALSE
SRR16644482,FALSE
SRR16644480,FALSE
SRR16999370,FALSE
SRR12612754,FALSE
SRR16999497,FALSE
SRR16643936,FALSE
SRR16644323,FALSE
SRR16999560,FALSE
SRR16999389,FALSE
SRR11698239,FALSE
SRR11724694,FALSE
SRR11698785,FALSE
SRR11698918,FALSE
SRR16644432,FALSE
SRR16644211,FALSE
SRR12612433,FALSE
SRR16999491,FALSE
SRR12612566,FALSE
SRR12612447,FALSE
SRR16644461,FALSE
SRR11724205,FALSE
SRR11724642,FALSE
SRR16643932,FALSE
SRR11724911,FALSE
SRR16999636,FALSE
SRR12612667,FALSE
SRR11724655,FALSE
SRR16999541,FALSE
SRR11724385,FALSE
SRR16644232,FALSE
SRR16644523,FALSE
SRR16999446,FALSE
SRR11724991,FALSE
SRR16999490,FALSE
SRR16999603,FALSE
SRR17188741,FALSE
SRR11698338,FALSE
SRR16999422,FALSE
SRR11698231,FALSE
SRR11698845,FALSE
SRR11724848,FALSE
SRR16643951,FALSE
SRR16644052,FALSE
SRR16999407,FALSE
SRR16644087,FALSE
SRR16644249,FALSE
SRR16644474,FALSE
SRR16644597,FALSE
SRR16644476,FALSE
SRR16644405,FALSE
SRR16999720,FALSE
SRR16644092,FALSE
SRR16644515,FALSE
SRR11698645,FALSE
SRR11724789,FALSE
SRR16644036,FALSE
SRR11698880,FALSE
SRR16999406,FALSE
SRR12611587,FALSE
SRR11724234,FALSE
SRR11724342,FALSE
SRR16644192,FALSE
SRR11724499,FALSE
SRR16999346,FALSE
SRR16644371,FALSE
SRR12612405,FALSE
SRR16644599,FALSE
SRR16644544,FALSE
SRR11699028,FALSE
SRR16644057,FALSE
SRR16644678,FALSE
SRR16644699,FALSE
SRR16644165,FALSE
SRR11724369,FALSE
SRR16999724,FALSE
SRR16999486,FALSE
SRR12612592,FALSE
SRR16644414,FALSE
SRR11698599,FALSE
SRR11724681,FALSE
SRR16643997,FALSE
SRR16644669,FALSE
SRR16999451,FALSE
SRR16644115,FALSE
SRR16644321,FALSE
SRR16999500,FALSE
SRR16644454,FALSE
SRR16644286,FALSE
SRR16999746,FALSE
SRR16644298,FALSE
SRR16999386,FALSE
SRR16999637,FALSE
SRR11698879,FALSE
SRR11728094,FALSE
SRR11724364,FALSE
SRR11724365,FALSE
SRR11724946,FALSE
SRR16644229,FALSE
SRR16644567,FALSE
SRR16644016,FALSE
SRR16644085,FALSE
SRR16999627,FALSE
SRR16644652,FALSE
SRR16999716,FALSE
SRR16643983,FALSE
SRR16644641,FALSE
SRR16644610,FALSE
SRR16999552,FALSE
SRR16999641,FALSE
SRR16999335,FALSE
SRR12612354,FALSE
SRR16643922,FALSE
SRR16644102,FALSE
SRR12612357,FALSE
SRR16999363,FALSE
SRR12612358,FALSE
SRR16999387,FALSE
SRR16644394,FALSE
SRR16644447,FALSE
SRR16644326,FALSE
SRR16999696,FALSE
SRR11698361,FALSE
SRR11699087,FALSE
SRR11699088,FALSE
SRR11725028,FALSE
SRR11698726,FALSE
SRR16643907,FALSE
SRR16999730,FALSE
SRR11724797,FALSE
SRR16644528,FALSE
SRR16999715,FALSE
SRR12612874,FALSE
SRR16999745,FALSE
SRR11698446,FALSE
SRR11698860,FALSE
SRR11698721,FALSE
SRR11725082,FALSE
SRR11698528,FALSE
SRR11698579,FALSE
SRR11699090,FALSE
SRR16644043,FALSE
SRR11698581,FALSE
SRR16643950,FALSE
SRR16644590,FALSE
SRR16644079,FALSE
SRR16643892,FALSE
SRR16644677,FALSE
SRR16644208,FALSE
SRR16999565,FALSE
SRR11698195,FALSE
